patch_length,prior,feedback,delta_m,delta_sd,n,mx,my,sdx,sdy,cohen,ci_low,ci_high,t,p_value,r,r_p_value,experiment
5,False,CONTROL FEEDBACK,-3.847773159128949,15.820295182496414,41,419.3063179560415,423.1540911151705,47.139206547627246,42.83651139438236,-0.2402331553630235,-0.5493426852781036,0.07178418634078537,-1.538242739739947,0.13186315530190124,0.9426110666483442,3.537082661428626e-20,e2c
5,True,CONTROL FEEDBACK,-4.296148644208076,10.844068282913602,41,417.71578847889,422.01193712309794,45.15363951713023,46.12570814912572,-0.3913137631359688,-0.7068515051214267,-0.07123913271093342,-2.505630641176978,0.008197070663510587,0.9719963370436312,3.8610094624518203e-26,e2c
10,False,CONTROL FEEDBACK,-1.117120750608005,17.461572063968237,49,439.07904709866483,440.1961678492729,62.64108214506709,58.16272213792917,-0.06331977412716826,-0.34327281152477995,0.21728583743914345,-0.44323841889017784,0.6595846719401778,0.9609083989806741,7.359941110420049e-28,e2c
10,True,CONTROL FEEDBACK,-2.8940238922550483,14.234189839084191,49,433.935348843749,436.8293727360041,56.50883814676231,60.48028149483011,-0.2012296339756914,-0.4830630883406797,0.0826562898306977,-1.4086074378298399,0.0826981065776668,0.9726656209991206,1.8686891432394265e-31,e2c
