patch_length,prior,feedback,delta_m,delta_sd,n,mx,my,sdx,sdy,cohen,ci_low,ci_high,t,p_value,r,r_p_value,experiment
5,False,CONTROL FEEDBACK,-2.188559868889744,13.5241533874704,96,427.31299376079915,429.5015536296888,44.81870339346992,42.593685665865166,-0.1609809662264884,-0.3619031354416272,0.0407766887189042,-1.577284902220434,0.11805425329708995,0.953391146611323,1.0461809775371882e-50,e2c
5,True,CONTROL FEEDBACK,-3.745203950224741,13.345347758181346,96,420.8299937518268,424.5751977020515,43.73440813979681,43.86442308395762,-0.27917193941095925,-0.48239290706119115,-0.07453802345869004,-2.735315208240126,0.0037183014547429263,0.9535855832624112,8.634205963656884e-51,e2c
10,False,CONTROL FEEDBACK,1.9576390168375326,15.880565501140456,90,437.5968953568462,435.63925634000867,56.14258922406678,55.4177846774758,0.12258586540212614,-0.08513505702159573,0.329624077990775,1.162951630840654,0.24795782752748505,0.9595559433061187,3.180715823623245e-50,e2c
10,True,CONTROL FEEDBACK,-4.707300509716165,15.140381265512822,90,427.2248868215486,431.9321873312647,53.95336886339015,56.898607890945165,-0.3091781975764579,-0.5198685296962425,-0.096832385756288,-2.9331219216214746,0.0021332880626515416,0.9640772087309754,1.902161317054828e-52,e2c
