patch_length,prior,feedback,delta_m,delta_sd,n,mx,my,sdx,sdy,cohen,ci_low,ci_high,t,p_value,r,r_p_value,experiment
5,False,CONTROL FEEDBACK,-0.9078796883451653,18.4484505728926,46,443.21940393777857,444.12728362612364,51.20840737155367,47.75936625979483,-0.04867385499303685,-0.33755904230080147,0.2407504038973732,-0.3301221461135654,0.7428396555738439,0.9328511296503765,3.9605284946569895e-21,e3
5,True,CONTROL FEEDBACK,-11.203383707783642,18.392910080573042,46,423.75011684224387,434.9535005500275,46.47303058073801,49.22122668479779,-0.6024570680097787,-0.9141255177991039,-0.28511048122719196,-4.086062635908461,8.913803315560967e-05,0.9277043923928253,1.906216267966969e-20,e3
10,False,CONTROL FEEDBACK,7.348945849707076,17.39144698621159,47,444.77249174815495,437.4235458984477,48.14246102508898,47.63688016131276,0.4180414225604686,0.11764540614116373,0.7142620003019036,2.8659476017348733,0.006249782908623829,0.9341125557765744,9.33429478499634e-22,e3
10,True,CONTROL FEEDBACK,-12.07322016405888,24.061218193816146,47,419.50042686237896,431.5736470264377,48.666584125947544,49.70923944429516,-0.49640425542325745,-0.7972597113170936,-0.19074407978098426,-3.40317611735111,0.0006945244413368498,0.880567928469885,3.406001421608925e-16,e3
