patch_length,prior,feedback,delta_m,delta_sd,n,mx,my,sdx,sdy,cohen,ci_low,ci_high,t,p_value,r,r_p_value,experiment
5,False,CONTROL FEEDBACK,0.5008694956752319,16.888626103576627,89,448.79491621050244,448.2940467148271,49.65255497623782,46.697240374742925,0.029490123719401757,-0.17839490461527033,0.2372105152219942,0.27820927075085106,0.781504362059412,0.9403762270460896,1.6247239904416557e-42,e3
5,True,CONTROL FEEDBACK,-11.783186917596467,17.605387613231674,89,426.63003797581524,438.4132248934118,45.356678629923586,47.770917908875006,-0.6655236734970713,-0.893750494467244,-0.43417777192468754,-6.27853777870837,6.2919582885493505e-09,0.9298202596420496,1.55584823778972e-39,e3
10,False,CONTROL FEEDBACK,7.5816312418463,18.826823839847197,107,454.6744719162625,447.0928406744162,46.53855680399743,44.2669169824728,0.40081746966228887,0.20294906104814636,0.596933330322415,4.146088145053521,6.832687998680234e-05,0.9152260027282484,3.008437842446271e-43,e3
10,True,CONTROL FEEDBACK,-11.318883660099907,23.135401464441735,107,428.0311427761841,439.3500264362838,45.113948237443665,46.76043282504963,-0.4869536211608023,-0.6863934408509192,-0.28545326039542757,-5.0370874243250086,9.75841095548044e-07,0.8737796074002304,1.1876344323696814e-34,e3
