patch_length,prior,feedback,delta_m,delta_sd,n,mx,my,sdx,sdy,cohen,ci_low,ci_high,t,p_value,r,r_p_value,experiment
5,False,CONTROL FEEDBACK,0.6792399205023455,14.381291036777899,52,442.6531305720008,441.97389065149827,55.84461645993308,56.98838803264922,0.04677445580696225,-0.2254029666479959,0.3184943119429427,0.3372953975878535,0.7372784994147704,0.9677119147662238,1.3774249228621076e-31,e1b
5,True,CONTROL FEEDBACK,-10.741359520617921,19.71337323558764,52,431.094715913245,441.83607543386285,51.70843445477062,54.78518006046028,-0.5396121560825988,-0.828476856797975,-0.24611533036168062,-3.8911985952389747,0.0001451532964323051,0.9330797726349522,7.487071621147657e-24,e1b
10,False,CONTROL FEEDBACK,4.191794186807845,14.503542684894647,41,438.61494199633825,434.42314780953024,40.58271196865032,40.86561069923111,0.2854722650408694,-0.028616120135040977,0.596144207579888,1.827914379398045,0.07502800214957303,0.9366051650997076,2.333182033268985e-19,e1b
10,True,CONTROL FEEDBACK,-10.969942975709488,18.00637203678106,41,423.4143130644044,434.3842560401139,40.836509555510744,43.902223027536024,-0.6017501653599916,-0.9316863603118629,-0.26544426163910007,-3.853081068695787,0.0002063852890663712,0.9121964370460651,1.0710094357710692e-16,e1b
