patch_length,prior,feedback,delta_m,delta_sd,n,mx,my,sdx,sdy,cohen,ci_low,ci_high,t,p_value,r,r_p_value,experiment
5,False,CONTROL FEEDBACK,-0.8550013464855084,16.225972538942198,40,451.63615293018455,452.4911542766701,39.68289053822429,39.07428998817825,-0.05203054438843941,-0.3618093913466584,0.2584126899823989,-0.3290700563319224,0.7438634273474278,0.9152215109091256,1.39692490458321e-16,e1
5,True,CONTROL FEEDBACK,-16.605235353371608,19.483483259091702,40,427.78212071932285,444.38735607269444,30.971881691049145,38.20976785789375,-0.8415515816888915,-1.1990520640627607,-0.47604440457534414,-5.322439533308294,2.2537680796804057e-06,0.8617495063046999,9.360350017185272e-13,e1
10,False,CONTROL FEEDBACK,8.801146795191677,24.07204844983918,36,459.5999688013244,450.7988220061327,48.91925331724161,43.171523548181355,0.36050308674826903,0.02076743870606125,0.6954159782109084,2.163018520489614,0.03745376233806643,0.8706325390349404,5.1787931970553855e-12,e1
10,True,CONTROL FEEDBACK,-17.347120319346644,19.196284817356066,36,425.1624529492692,442.5095732686158,46.39763453868193,47.00459274134733,-0.8910313357743616,-1.2736946393087034,-0.4992163723241803,-5.346188014646169,2.8111108544911955e-06,0.9156016715178333,5.198368257463722e-15,e1
