patch_length,prior,feedback,delta_m,delta_sd,n,mx,my,sdx,sdy,cohen,ci_low,ci_high,t,p_value,r,r_p_value,experiment
5,False,CONTROL FEEDBACK,1.145464997010345,15.73003814921707,69,434.2596166009995,433.11415160398917,48.10134146964365,47.31220018064157,0.07229062136641051,-0.1642374494657777,0.308290788939776,0.6004910005074008,0.55017524673345,0.9457743446118474,1.955303889962498e-34,e3
5,True,CONTROL FEEDBACK,-8.857053256573161,16.680112503581398,69,426.07840056468063,434.9354538212538,46.57471057108127,48.6526796359529,-0.5271329834862402,-0.7774053846935305,-0.27344847726360794,-4.378695419558002,2.110728720958242e-05,0.9395608837978746,6.694934271455035e-33,e3
10,False,CONTROL FEEDBACK,-1.2284496653099617,20.499405179805827,65,431.7260420872655,432.95449175257556,45.853997428307835,46.250672887865505,-0.05946335588040368,-0.3025514850042871,0.18408794380427393,-0.4794089016866187,0.6332819397808928,0.9009636523416689,1.5830994401096765e-24,e3
10,True,CONTROL FEEDBACK,-5.724016564386543,23.07122736041172,65,428.02905247094355,433.7530690353301,45.04516827850022,47.80218457047839,-0.24618607905227555,-0.49205548106611074,0.0015460263233652452,-1.9848156233624477,0.025727487408696872,0.8781658938286747,7.574394512259208e-22,e3
