patch_length,prior,feedback,delta_m,delta_sd,n,mx,my,sdx,sdy,cohen,ci_low,ci_high,t,p_value,r,r_p_value,experiment
5,False,CONTROL FEEDBACK,-0.24578913289203014,16.953936763982206,117,437.09981755614496,437.345606689037,48.34521677951448,48.802231885751745,-0.014435378717201455,-0.19561259272707743,0.1668040496154829,-0.1561424944368343,0.8761921154348307,0.9391301494870836,3.451075970040207e-55,e3
5,True,CONTROL FEEDBACK,-8.295396156083482,16.856325268955388,117,428.56476360644865,436.86015976253213,46.96586045269298,48.24157371269618,-0.4900160348815112,-0.6809044268274745,-0.2972354998066743,-5.300333818694519,2.791741980250848e-07,0.9376556070840376,1.3102360062173367e-54,e3
10,False,CONTROL FEEDBACK,0.10035281572673771,21.004448925076233,145,438.37486210836147,438.2745092926347,43.757595835415245,43.57458420971282,0.0047611900315564955,-0.158014222003838,0.16752005257551875,0.05733232007259062,0.9543599530526579,0.8843161024029387,3.746116796568834e-49,e3
10,True,CONTROL FEEDBACK,-4.344640261700256,21.38319121393479,145,432.8643312388461,437.20897150054634,43.04228625101363,46.94845180783552,-0.2024783289163977,-0.3665685331519946,-0.03769918755093369,-2.4381619478026177,0.007989957917898442,0.8906399488594137,8.491063618349595e-51,e3
