patch_length,prior,feedback,delta_m,delta_sd,n,mx,my,sdx,sdy,cohen,ci_low,ci_high,t,p_value,r,r_p_value,experiment
5,False,CONTROL FEEDBACK,0.4744194854335186,15.081194588386504,46,432.2501648199046,431.7757453344712,47.013358141056486,47.738494828148234,0.031113875932702945,-0.25811058855869695,0.31999373625949595,0.21102457362961086,0.8338208315172309,0.9494470748950384,9.114219124877159e-24,e3
5,True,CONTROL FEEDBACK,-9.918082515721824,17.120778544930214,46,424.4876394540641,434.40572196978593,47.324465484982376,49.86070621829597,-0.5729695580635576,-0.8823931384318316,-0.2580679615819105,-3.886068613072501,0.00016593313576505726,0.9392514109061738,4.671530372226521e-22,e3
10,False,CONTROL FEEDBACK,-1.7048311346292577,21.457453652197565,47,426.61109178540664,428.31592292003575,48.050183304625,48.50738666156399,-0.07860192311930923,-0.3645126308494994,0.20816426138586494,-0.5388676358332615,0.5925766992749819,0.9012752081535331,5.875641663183648e-18,e3
10,True,CONTROL FEEDBACK,-4.68722601276662,20.62713778392206,47,423.69133414166635,428.378560154433,47.21165379606792,49.14551627404121,-0.22480548976206174,-0.5131568111088081,0.06592386320861635,-1.5411887900826884,0.06506131267747244,0.9091174212282002,9.929571573217315e-19,e3
