patch_length,prior,feedback,delta_m,delta_sd,n,mx,my,sdx,sdy,cohen,ci_low,ci_high,t,p_value,r,r_p_value,experiment
5,False,CONTROL FEEDBACK,-0.8218766890337664,13.900889349843684,52,442.7647764612462,443.58665315028003,56.95971631245891,55.65509526192109,-0.058552776354407726,-0.33030186099371056,0.21376419657108903,-0.422230074933185,0.6746318381492373,0.9697907348289729,2.673530198771929e-32,e1b
5,True,CONTROL FEEDBACK,-11.365838245417017,21.07414721869896,52,430.73111001591656,442.09694826133364,51.284152606745394,54.721128749032985,-0.5341151265071977,-0.8226225636962528,-0.24101577668518598,-3.851558951245273,0.00016456089733556413,0.922976381672743,2.2315115273918245e-22,e1b
10,False,CONTROL FEEDBACK,5.151205326095334,15.632434232660035,43,442.0250339953616,436.87382866926623,40.41363622486066,40.25747232185584,0.3256661862226808,0.016978294742975915,0.6306795593784782,2.1355359955991164,0.03859270155710301,0.9249059631662475,8.043008593657054e-19,e1b
10,True,CONTROL FEEDBACK,-13.1620116825579,17.569846814214976,43,421.049651249415,434.21166293197285,40.4674990581964,43.10562224880878,-0.7403630132399132,-1.0749010754855874,-0.3988813799011392,-4.8548849449877185,8.514631118193425e-06,0.9135107060576911,1.3045677125393395e-17,e1b
